brands,links
10.or Mobile Phones,https://www.gadgets360.com/mobiles/10-or-phones
AOC Mobile Phones,https://www.gadgets360.com/mobiles/aoc-phones
Acer Mobile Phones,https://www.gadgets360.com/mobiles/acer-phones
Adcom Mobile Phones,https://www.gadgets360.com/mobiles/adcom-phones
Airtel Mobile Phones,https://www.gadgets360.com/mobiles/airtel-phones
Alcatel Mobile Phones,https://www.gadgets360.com/mobiles/alcatel-phones
Alpha Mobile Phones,https://www.gadgets360.com/mobiles/alpha-phones
Amazon Mobile Phones,https://www.gadgets360.com/mobiles/amazon-phones
Apple Mobile Phones,https://www.gadgets360.com/mobiles/apple-phones
Aqua Mobile Phones,https://www.gadgets360.com/mobiles/aqua-phones
Archos Mobile Phones,https://www.gadgets360.com/mobiles/archos-phones
Asus Mobile Phones,https://www.gadgets360.com/mobiles/asus-phones
BQ Mobile Phones,https://www.gadgets360.com/mobiles/bq-phones
Benq Mobile Phones,https://www.gadgets360.com/mobiles/benq-phones
Billion Mobile Phones,https://www.gadgets360.com/mobiles/billion-phones
Black Shark Mobile Phones,https://www.gadgets360.com/mobiles/black-shark-phones
BlackBerry Mobile Phones,https://www.gadgets360.com/mobiles/blackberry-phones
Blackview Mobile Phones,https://www.gadgets360.com/mobiles/blackview-phones
Blu Mobile Phones,https://www.gadgets360.com/mobiles/blu-phones
Byond Mobile Phones,https://www.gadgets360.com/mobiles/byond-phones
CMF by Nothing Mobile Phones,https://www.gadgets360.com/mobiles/cmf-by-nothing-phones
Cat Mobile Phones,https://www.gadgets360.com/mobiles/cat-phones
Celkon Mobile Phones,https://www.gadgets360.com/mobiles/celkon-phones
Centric Mobile Phones,https://www.gadgets360.com/mobiles/centric-phones
ChampOne Mobile Phones,https://www.gadgets360.com/mobiles/champone-phones
Champion Computers Mobile Phones,https://www.gadgets360.com/mobiles/champion-computers-phones
Cherry Mobile Mobile Phones,https://www.gadgets360.com/mobiles/cherry-mobile-phones
Comio Mobile Phones,https://www.gadgets360.com/mobiles/comio-phones
Coolpad Mobile Phones,https://www.gadgets360.com/mobiles/coolpad-phones
Creo Mobile Phones,https://www.gadgets360.com/mobiles/creo-phones
Croma Mobile Phones,https://www.gadgets360.com/mobiles/croma-phones
Datawind Mobile Phones,https://www.gadgets360.com/mobiles/datawind-phones
Detel Mobile Phones,https://www.gadgets360.com/mobiles/detel-phones
Dizo Mobile Phones,https://www.gadgets360.com/mobiles/dizo-phones
Docoss Mobile Phones,https://www.gadgets360.com/mobiles/docoss-phones
Doogee Mobile Phones,https://www.gadgets360.com/mobiles/doogee-phones
Elari Mobile Phones,https://www.gadgets360.com/mobiles/elari-phones
Elephone Mobile Phones,https://www.gadgets360.com/mobiles/elephone-phones
Energizer Mobile Phones,https://www.gadgets360.com/mobiles/energizer-phones
Essential Mobile Phones,https://www.gadgets360.com/mobiles/essential-phones
Evercoss Mobile Phones,https://www.gadgets360.com/mobiles/evercoss-phones
Fairphone Mobile Phones,https://www.gadgets360.com/mobiles/fairphone-phones
Flash Mobile Phones,https://www.gadgets360.com/mobiles/flash-phones
Fly Mobile Phones,https://www.gadgets360.com/mobiles/fly-phones
GeeksPhone Mobile Phones,https://www.gadgets360.com/mobiles/geeksphone-phones
General Mobile Mobile Phones,https://www.gadgets360.com/mobiles/general-mobile-phones
Gionee Mobile Phones,https://www.gadgets360.com/mobiles/gionee-phones
Google Mobile Phones,https://www.gadgets360.com/mobiles/google-phones
HMD Mobile Phones,https://www.gadgets360.com/mobiles/hmd-phones
HMD Global Mobile Phones,https://www.gadgets360.com/mobiles/hmd-global-phones
HP Mobile Phones,https://www.gadgets360.com/mobiles/hp-phones
HTC Mobile Phones,https://www.gadgets360.com/mobiles/htc-phones
Hisense Mobile Phones,https://www.gadgets360.com/mobiles/hisense-phones
Homtom Mobile Phones,https://www.gadgets360.com/mobiles/homtom-phones
Honor Mobile Phones,https://www.gadgets360.com/mobiles/honor-phones
Huawei Mobile Phones,https://www.gadgets360.com/mobiles/huawei-phones
Hyve Mobile Phones,https://www.gadgets360.com/mobiles/hyve-phones
Idea Mobile Phones,https://www.gadgets360.com/mobiles/idea-phones
InFocus Mobile Phones,https://www.gadgets360.com/mobiles/infocus-phones
Infinix Mobile Phones,https://www.gadgets360.com/mobiles/infinix-phones
Intex Mobile Phones,https://www.gadgets360.com/mobiles/intex-phones
Itel Mobile Phones,https://www.gadgets360.com/mobiles/itel-phones
Jio Mobile Phones,https://www.gadgets360.com/mobiles/jio-phones
Jivi Mobile Phones,https://www.gadgets360.com/mobiles/jivi-phones
Jolla Mobile Phones,https://www.gadgets360.com/mobiles/jolla-phones
Josh Mobile Mobile Phones,https://www.gadgets360.com/mobiles/josh-mobile-phones
Karbonn Mobile Phones,https://www.gadgets360.com/mobiles/karbonn-phones
Kestrel Mobile Phones,https://www.gadgets360.com/mobiles/kestrel-phones
Kodak Mobile Phones,https://www.gadgets360.com/mobiles/kodak-phones
Kult Mobile Phones,https://www.gadgets360.com/mobiles/kult-phones
Kyocera Mobile Phones,https://www.gadgets360.com/mobiles/kyocera-phones
LG Mobile Phones,https://www.gadgets360.com/mobiles/lg-phones
Land Rover Mobile Phones,https://www.gadgets360.com/mobiles/land-rover-phones
Lava Mobile Phones,https://www.gadgets360.com/mobiles/lava-phones
LeEco Mobile Phones,https://www.gadgets360.com/mobiles/leeco-phones
Leica Mobile Phones,https://www.gadgets360.com/mobiles/leica-phones
Lemon Mobile Phones,https://www.gadgets360.com/mobiles/lemon-phones
Lenovo Mobile Phones,https://www.gadgets360.com/mobiles/lenovo-phones
Lephone Mobile Phones,https://www.gadgets360.com/mobiles/lephone-phones
Letv Mobile Phones,https://www.gadgets360.com/mobiles/letv-phones
Lumigon Mobile Phones,https://www.gadgets360.com/mobiles/lumigon-phones
Lyf Mobile Phones,https://www.gadgets360.com/mobiles/lyf-phones
M-tech Mobile Phones,https://www.gadgets360.com/mobiles/m-tech-phones
MTS Mobile Phones,https://www.gadgets360.com/mobiles/mts-phones
Mafe Mobile Mobile Phones,https://www.gadgets360.com/mobiles/mafe-mobile-phones
Magicon Mobile Phones,https://www.gadgets360.com/mobiles/magicon-phones
MarQ by Flipkart Mobile Phones,https://www.gadgets360.com/mobiles/marq-by-flipkart-phones
Marshall Mobile Phones,https://www.gadgets360.com/mobiles/marshall-phones
Maxx Mobile Mobile Phones,https://www.gadgets360.com/mobiles/maxx-mobile-phones
Meizu Mobile Phones,https://www.gadgets360.com/mobiles/meizu-phones
Mercury Mobile Phones,https://www.gadgets360.com/mobiles/mercury-phones
Micromax Mobile Phones,https://www.gadgets360.com/mobiles/micromax-phones
Microsoft Mobile Phones,https://www.gadgets360.com/mobiles/microsoft-phones
Mitashi Mobile Phones,https://www.gadgets360.com/mobiles/mitashi-phones
Mito Mobile Phones,https://www.gadgets360.com/mobiles/mito-phones
Mobiistar Mobile Phones,https://www.gadgets360.com/mobiles/mobiistar-phones
Moto Mobile Phones,https://www.gadgets360.com/mobiles/moto-phones
Motorola Mobile Phones,https://www.gadgets360.com/mobiles/motorola-phones
MyPhone Mobile Phones,https://www.gadgets360.com/mobiles/myphone-phones
Namotel Mobile Phones,https://www.gadgets360.com/mobiles/namotel-phones
Neffos Mobile Phones,https://www.gadgets360.com/mobiles/neffos-phones
Nexian Mobile Phones,https://www.gadgets360.com/mobiles/nexian-phones
Nextbit Mobile Phones,https://www.gadgets360.com/mobiles/nextbit-phones
Nokia Mobile Phones,https://www.gadgets360.com/mobiles/nokia-phones
Nothing Mobile Phones,https://www.gadgets360.com/mobiles/nothing-phones
Nubia Mobile Phones,https://www.gadgets360.com/mobiles/nubia-phones
Nuu Mobile Mobile Phones,https://www.gadgets360.com/mobiles/nuu-mobile-phones
Obi Mobile Phones,https://www.gadgets360.com/mobiles/obi-phones
Obi Worldphone Mobile Phones,https://www.gadgets360.com/mobiles/obi-worldphone-phones
OnePlus Mobile Phones,https://www.gadgets360.com/mobiles/oneplus-phones
Onida Mobile Phones,https://www.gadgets360.com/mobiles/onida-phones
Oplus Mobile Phones,https://www.gadgets360.com/mobiles/oplus-phones
Oppo Mobile Phones,https://www.gadgets360.com/mobiles/oppo-phones
Oukitel Mobile Phones,https://www.gadgets360.com/mobiles/oukitel-phones
Panasonic Mobile Phones,https://www.gadgets360.com/mobiles/panasonic-phones
Pantel Mobile Phones,https://www.gadgets360.com/mobiles/pantel-phones
Pepsi Mobile Phones,https://www.gadgets360.com/mobiles/pepsi-phones
Phicomm Mobile Phones,https://www.gadgets360.com/mobiles/phicomm-phones
Philips Mobile Phones,https://www.gadgets360.com/mobiles/philips-phones
Poco Mobile Phones,https://www.gadgets360.com/mobiles/poco-phones
Polaroid Mobile Phones,https://www.gadgets360.com/mobiles/polaroid-phones
Porsche Design Mobile Phones,https://www.gadgets360.com/mobiles/porsche-design-phones
QMobile Mobile Phones,https://www.gadgets360.com/mobiles/qmobile-phones
QiKU Mobile Phones,https://www.gadgets360.com/mobiles/qiku-phones
Razer Mobile Phones,https://www.gadgets360.com/mobiles/razer-phones
Reach Mobile Phones,https://www.gadgets360.com/mobiles/reach-phones
Realme Mobile Phones,https://www.gadgets360.com/mobiles/realme-phones
Redmi Mobile Phones,https://www.gadgets360.com/mobiles/redmi-phones
Reliance Mobile Phones,https://www.gadgets360.com/mobiles/reliance-phones
Ringing Bells Mobile Phones,https://www.gadgets360.com/mobiles/ringing-bells-phones
Rio Mobile Phones,https://www.gadgets360.com/mobiles/rio-phones
Royole Mobile Phones,https://www.gadgets360.com/mobiles/royole-phones
Salora Mobile Phones,https://www.gadgets360.com/mobiles/salora-phones
Samsung Mobile Phones,https://www.gadgets360.com/mobiles/samsung-phones
Sansui Mobile Phones,https://www.gadgets360.com/mobiles/sansui-phones
Saygus Mobile Phones,https://www.gadgets360.com/mobiles/saygus-phones
Sharp Mobile Phones,https://www.gadgets360.com/mobiles/sharp-phones
Sikur Mobile Phones,https://www.gadgets360.com/mobiles/sikur-phones
Silent Circle Mobile Phones,https://www.gadgets360.com/mobiles/silent-circle-phones
Simmtronics Mobile Phones,https://www.gadgets360.com/mobiles/simmtronics-phones
Sirin Mobile Phones,https://www.gadgets360.com/mobiles/sirin-phones
Smartisan Mobile Phones,https://www.gadgets360.com/mobiles/smartisan-phones
Smartron Mobile Phones,https://www.gadgets360.com/mobiles/smartron-phones
Sony Mobile Phones,https://www.gadgets360.com/mobiles/sony-phones
Spice Mobile Phones,https://www.gadgets360.com/mobiles/spice-phones
Sunstrike Mobile Phones,https://www.gadgets360.com/mobiles/sunstrike-phones
Swipe Mobile Phones,https://www.gadgets360.com/mobiles/swipe-phones
Symphony Mobile Phones,https://www.gadgets360.com/mobiles/symphony-phones
TCL Mobile Phones,https://www.gadgets360.com/mobiles/tcl-phones
Tambo Mobile Phones,https://www.gadgets360.com/mobiles/tambo-phones
Tecno Mobile Phones,https://www.gadgets360.com/mobiles/tecno-phones
Tonino Lamborghini Mobile Phones,https://www.gadgets360.com/mobiles/tonino-lamborghini-phones
Turing Mobile Phones,https://www.gadgets360.com/mobiles/turing-phones
Ulefone Mobile Phones,https://www.gadgets360.com/mobiles/ulefone-phones
Umi Mobile Phones,https://www.gadgets360.com/mobiles/umi-phones
Umidigi Mobile Phones,https://www.gadgets360.com/mobiles/umidigi-phones
Unihertz Mobile Phones,https://www.gadgets360.com/mobiles/unihertz-phones
Vaio Mobile Phones,https://www.gadgets360.com/mobiles/vaio-phones
Vertu Mobile Phones,https://www.gadgets360.com/mobiles/vertu-phones
Viaan Mobile Phones,https://www.gadgets360.com/mobiles/viaan-phones
Videocon Mobile Phones,https://www.gadgets360.com/mobiles/videocon-phones
Vivo Mobile Phones,https://www.gadgets360.com/mobiles/vivo-phones
Vodafone Mobile Phones,https://www.gadgets360.com/mobiles/vodafone-phones
Wickedleak Mobile Phones,https://www.gadgets360.com/mobiles/wickedleak-phones
Wiio Mobile Phones,https://www.gadgets360.com/mobiles/wiio-phones
Xiaomi Mobile Phones,https://www.gadgets360.com/mobiles/xiaomi-phones
Xolo Mobile Phones,https://www.gadgets360.com/mobiles/xolo-phones
Yamada Denki Mobile Phones,https://www.gadgets360.com/mobiles/yamada-denki-phones
Yandex Mobile Phones,https://www.gadgets360.com/mobiles/yandex-phones
Yota Devices Mobile Phones,https://www.gadgets360.com/mobiles/yota-devices-phones
Yu Mobile Phones,https://www.gadgets360.com/mobiles/yu-phones
ZTE Mobile Phones,https://www.gadgets360.com/mobiles/zte-phones
Zen Mobile Phones,https://www.gadgets360.com/mobiles/zen-phones
Ziox Mobile Phones,https://www.gadgets360.com/mobiles/ziox-phones
Zopo Mobile Phones,https://www.gadgets360.com/mobiles/zopo-phones
Zuk Mobile Phones,https://www.gadgets360.com/mobiles/zuk-phones
Zync Mobile Phones,https://www.gadgets360.com/mobiles/zync-phones
i-mobiles Mobile Phones,https://www.gadgets360.com/mobiles/i-mobiles-phones
iBall Mobile Phones,https://www.gadgets360.com/mobiles/iball-phones
iBerry Mobile Phones,https://www.gadgets360.com/mobiles/iberry-phones
iQOO Mobile Phones,https://www.gadgets360.com/mobiles/iqoo-phones
iVoomi Mobile Phones,https://www.gadgets360.com/mobiles/ivoomi-phones
mPhone Mobile Phones,https://www.gadgets360.com/mobiles/mphone-phones
Realme 14 Pro 5G,https://www.gadgets360.com/14-pro-5g-price-in-india-130512
Realme 14 Pro+ 5G,https://www.gadgets360.com/realme-14-pro-plus-5g-price-in-india-130502
Itel Zeno 10,https://www.gadgets360.com/itel-zeno-10-price-in-india-130487
Nubia Flip 2,https://www.gadgets360.com/nubia-flip-2-price-in-india-130486
Honor Magic 7 Lite,https://www.gadgets360.com/honor-magic-7-lite-price-in-india-130485
Moto G Power 2025,https://www.gadgets360.com/moto-g-power-2025-price-in-india-130471
Moto G 2025,https://www.gadgets360.com/moto-g-2025-price-in-india-130470
Poco X7 Pro 5G,https://www.gadgets360.com/poco-x7-pro-5g-price-in-india-130412
Poco X7 5G,https://www.gadgets360.com/poco-x7-5g-price-in-india-130411
Nubia Music 2,https://www.gadgets360.com/nubia-music-2-price-in-india-130377
OnePlus 13R,https://www.gadgets360.com/oneplus-13r-price-in-india-130363
Moto G05,https://www.gadgets360.com/moto-g05-price-in-india-130356
